timestamp,emotion,AUs
2025-11-23T20:41:56.178Z,neutral,"['Looking Down', 'Brow Outer Raiser', 'Blink', 'Lid Tightener']"
2025-11-23T20:41:56.472Z,neutral,"['Looking Down', 'Brow Outer Raiser', 'Blink', 'Lid Tightener']"
2025-11-23T20:41:56.741Z,neutral,"['Looking Down', 'Brow Outer Raiser', 'Blink', 'Lid Tightener']"
2025-11-23T20:41:57.017Z,neutral,"['Looking Down', 'Brow Outer Raiser', 'Blink', 'Lid Tightener']"
2025-11-23T20:41:57.276Z,neutral,"['Looking Down', 'Brow Outer Raiser', 'Blink', 'Lid Tightener']"
2025-11-23T20:41:57.562Z,neutral,"['Looking Down', 'Brow Outer Raiser', 'Blink', 'Lip Tightener', 'Lid Tightener']"
2025-11-23T20:41:57.827Z,neutral,"['Looking Down', 'Brow Outer Raiser', 'Blink', 'Lid Tightener']"
2025-11-23T20:41:58.086Z,neutral,"['Looking Down', 'Brow Outer Raiser', 'Blink', 'Lid Tightener']"
2025-11-23T20:41:58.363Z,neutral,"['Looking Down', 'Brow Outer Raiser', 'Blink', 'Lid Tightener']"
2025-11-23T20:41:58.644Z,neutral,"['Looking Down', 'Brow Outer Raiser', 'Blink', 'Lid Tightener']"
2025-11-23T20:41:58.894Z,neutral,"['Looking Down', 'Blink', 'Lid Tightener']"
2025-11-23T20:41:59.147Z,neutral,"['Looking Down', 'Blink', 'Lid Tightener']"
2025-11-23T20:41:59.420Z,neutral,"['Looking Down', 'Brow Outer Raiser', 'Blink', 'Lid Tightener']"
2025-11-23T20:41:59.712Z,neutral,"['Looking Down', 'Blink', 'Lid Tightener']"
2025-11-23T20:41:59.972Z,neutral,"['Looking Down', 'Brow Outer Raiser', 'Blink', 'Lid Tightener']"
2025-11-23T20:42:00.245Z,neutral,"['Looking Down', 'Brow Outer Raiser', 'Blink', 'Lid Tightener']"
2025-11-23T20:42:00.523Z,neutral,"['Looking Down', 'Brow Outer Raiser', 'Blink', 'Lid Tightener']"
2025-11-23T20:42:00.809Z,neutral,"['Looking Down', 'Brow Inner Raiser', 'Brow Outer Raiser', 'Blink', 'Lid Tightener']"
2025-11-23T20:42:01.082Z,neutral,"['Looking Down', 'Brow Inner Raiser', 'Brow Outer Raiser', 'Blink', 'Lid Tightener']"
2025-11-23T20:42:01.354Z,neutral,"['Looking Down', 'Brow Inner Raiser', 'Brow Outer Raiser', 'Blink', 'Lid Tightener']"
2025-11-23T20:42:01.621Z,neutral,"['Looking Down', 'Brow Inner Raiser', 'Brow Outer Raiser', 'Blink', 'Lid Tightener']"
2025-11-23T20:42:01.894Z,neutral,"['Looking Down', 'Brow Outer Raiser', 'Blink', 'Lid Tightener']"
2025-11-23T20:42:02.172Z,neutral,"['Looking Down', 'Brow Outer Raiser', 'Blink', 'Lid Tightener']"
2025-11-23T20:42:02.458Z,neutral,"['Looking Down', 'Brow Outer Raiser', 'Blink', 'Lid Tightener']"
2025-11-23T20:42:02.730Z,neutral,"['Looking Down', 'Brow Outer Raiser', 'Blink', 'Lid Tightener']"
2025-11-23T20:42:03.008Z,neutral,"['Looking Down', 'Brow Outer Raiser', 'Blink', 'Lid Tightener']"
2025-11-23T20:42:03.291Z,neutral,"['Looking Down', 'Brow Outer Raiser', 'Blink', 'Lid Tightener']"
2025-11-23T20:42:03.584Z,neutral,"['Looking Down', 'Brow Inner Raiser', 'Brow Outer Raiser', 'Blink', 'Lid Tightener']"
2025-11-23T20:42:03.862Z,neutral,"['Looking Down', 'Brow Outer Raiser', 'Blink', 'Lid Tightener']"
2025-11-23T20:42:04.184Z,neutral,"['Looking Down', 'Brow Outer Raiser', 'Blink', 'Lid Tightener']"
2025-11-23T20:42:04.452Z,neutral,"['Looking Down', 'Brow Outer Raiser', 'Blink', 'Lid Tightener']"
2025-11-23T20:42:04.724Z,neutral,"['Looking Down', 'Brow Outer Raiser', 'Blink', 'Lid Tightener']"
2025-11-23T20:42:04.999Z,neutral,"['Looking Down', 'Brow Outer Raiser', 'Blink', 'Lid Tightener']"
2025-11-23T20:42:05.273Z,neutral,"['Looking Down', 'Brow Outer Raiser', 'Blink', 'Lid Tightener']"
2025-11-23T20:42:05.537Z,neutral,"['Looking Down', 'Brow Outer Raiser', 'Blink', 'Lid Tightener']"
2025-11-23T20:42:05.804Z,neutral,"['Looking Down', 'Brow Outer Raiser', 'Blink', 'Lid Tightener']"
2025-11-23T20:42:06.085Z,neutral,"['Looking Down', 'Brow Outer Raiser', 'Blink', 'Lid Tightener']"
2025-11-23T20:42:06.379Z,neutral,"['Looking Down', 'Brow Outer Raiser', 'Blink', 'Lid Tightener']"
2025-11-23T20:42:06.647Z,neutral,"['Looking Down', 'Brow Outer Raiser', 'Blink', 'Lid Tightener']"
2025-11-23T20:42:06.917Z,neutral,"['Looking Down', 'Brow Outer Raiser', 'Blink', 'Lid Tightener']"
2025-11-23T20:42:07.195Z,neutral,"['Looking Down', 'Brow Outer Raiser', 'Blink', 'Lid Tightener']"
2025-11-23T20:42:07.467Z,neutral,"['Looking Down', 'Brow Outer Raiser', 'Blink', 'Lid Tightener']"
2025-11-23T20:42:07.730Z,neutral,"['Looking Down', 'Brow Outer Raiser', 'Blink', 'Lid Tightener']"
2025-11-23T20:42:07.985Z,neutral,"['Looking Down', 'Brow Outer Raiser', 'Blink', 'Lid Tightener']"
2025-11-23T20:42:08.253Z,neutral,"['Looking Down', 'Brow Outer Raiser', 'Blink', 'Lid Tightener']"
2025-11-23T20:42:08.518Z,neutral,"['Looking Down', 'Brow Outer Raiser', 'Blink', 'Lid Tightener']"
2025-11-23T20:42:08.789Z,neutral,"['Looking Down', 'Brow Outer Raiser', 'Blink', 'Lid Tightener']"
2025-11-23T20:42:09.072Z,neutral,"['Looking Down', 'Brow Outer Raiser', 'Blink', 'Lid Tightener']"
2025-11-23T20:42:09.347Z,neutral,"['Looking Down', 'Brow Outer Raiser', 'Blink', 'Lid Tightener']"
2025-11-23T20:42:09.605Z,neutral,"['Looking Down', 'Brow Outer Raiser', 'Blink', 'Lid Tightener']"
2025-11-23T20:42:09.887Z,neutral,"['Looking Down', 'Brow Outer Raiser', 'Blink', 'Lid Tightener']"
2025-11-23T20:42:10.154Z,neutral,"['Looking Down', 'Brow Outer Raiser', 'Blink', 'Lid Tightener']"
2025-11-23T20:42:10.438Z,neutral,"['Looking Down', 'Brow Outer Raiser', 'Blink', 'Lid Tightener']"
2025-11-23T20:42:10.714Z,neutral,"['Looking Down', 'Brow Outer Raiser', 'Blink', 'Lid Tightener']"
2025-11-23T20:42:10.989Z,neutral,"['Looking Down', 'Brow Outer Raiser', 'Blink', 'Lid Tightener']"
2025-11-23T20:42:11.254Z,neutral,"['Looking Down', 'Brow Outer Raiser', 'Blink', 'Lid Tightener']"
2025-11-23T20:42:11.519Z,neutral,"['Looking Down', 'Brow Outer Raiser', 'Blink', 'Lid Tightener']"
2025-11-23T20:42:11.795Z,neutral,"['Looking Down', 'Brow Outer Raiser', 'Blink', 'Lid Tightener']"
2025-11-23T20:42:12.063Z,neutral,"['Looking Down', 'Brow Outer Raiser', 'Blink', 'Lid Tightener']"
2025-11-23T20:42:12.340Z,neutral,"['Looking Down', 'Brow Outer Raiser', 'Blink', 'Lid Tightener']"
2025-11-23T20:42:12.618Z,neutral,"['Looking Down', 'Brow Outer Raiser', 'Blink', 'Lid Tightener']"
2025-11-23T20:42:12.886Z,neutral,"['Looking Down', 'Brow Outer Raiser', 'Blink', 'Lid Tightener']"
2025-11-23T20:42:13.141Z,neutral,"['Looking Down', 'Brow Outer Raiser', 'Blink', 'Lid Tightener']"
2025-11-23T20:42:13.414Z,neutral,"['Looking Down', 'Brow Outer Raiser', 'Blink', 'Lid Tightener']"
2025-11-23T20:42:13.699Z,neutral,"['Looking Down', 'Brow Outer Raiser', 'Blink', 'Lid Tightener']"
2025-11-23T20:42:13.971Z,neutral,"['Looking Down', 'Brow Outer Raiser', 'Blink', 'Lid Tightener']"
2025-11-23T20:42:14.234Z,neutral,"['Looking Down', 'Brow Outer Raiser', 'Blink', 'Lid Tightener']"
2025-11-23T20:42:14.507Z,neutral,"['Looking Down', 'Brow Outer Raiser', 'Blink', 'Lid Tightener']"
2025-11-23T20:42:14.760Z,neutral,"['Looking Down', 'Brow Outer Raiser', 'Blink', 'Lid Tightener']"
2025-11-23T20:42:15.042Z,neutral,"['Looking Down', 'Brow Outer Raiser', 'Blink', 'Lid Tightener']"
2025-11-23T20:42:15.316Z,neutral,"['Looking Down', 'Brow Outer Raiser', 'Blink', 'Lid Tightener']"
2025-11-23T20:42:15.581Z,neutral,"['Looking Down', 'Brow Outer Raiser', 'Blink', 'Lid Tightener']"
2025-11-23T20:42:15.859Z,neutral,"['Looking Down', 'Brow Outer Raiser', 'Blink', 'Lid Tightener']"
2025-11-23T20:42:16.129Z,neutral,"['Looking Down', 'Brow Outer Raiser', 'Blink', 'Lid Tightener']"
2025-11-23T20:42:16.411Z,neutral,"['Looking Down', 'Brow Outer Raiser', 'Blink', 'Lid Tightener']"
2025-11-23T20:42:16.681Z,neutral,"['Looking Down', 'Brow Outer Raiser', 'Blink', 'Lid Tightener']"
2025-11-23T20:42:16.941Z,neutral,"['Looking Down', 'Brow Outer Raiser', 'Blink', 'Lid Tightener']"
2025-11-23T20:42:17.196Z,neutral,"['Looking Down', 'Brow Outer Raiser', 'Blink', 'Lid Tightener']"
2025-11-23T20:42:17.460Z,neutral,"['Looking Down', 'Brow Outer Raiser', 'Blink', 'Lid Tightener']"
2025-11-23T20:42:17.737Z,neutral,"['Looking Down', 'Brow Outer Raiser', 'Blink', 'Lid Tightener']"
2025-11-23T20:42:18.012Z,neutral,"['Looking Down', 'Brow Outer Raiser', 'Blink', 'Lid Tightener']"
2025-11-23T20:42:18.271Z,neutral,"['Looking Down', 'Brow Outer Raiser', 'Blink', 'Lid Tightener']"
2025-11-23T20:42:18.545Z,neutral,"['Looking Down', 'Brow Outer Raiser', 'Blink', 'Lid Tightener']"
2025-11-23T20:42:18.844Z,neutral,"['Looking Down', 'Brow Outer Raiser', 'Blink', 'Lid Tightener']"
2025-11-23T20:42:19.116Z,neutral,"['Looking Down', 'Brow Outer Raiser', 'Blink', 'Lid Tightener']"
2025-11-23T20:42:19.399Z,neutral,"['Looking Down', 'Brow Outer Raiser', 'Blink', 'Lid Tightener']"
2025-11-23T20:42:19.663Z,neutral,"['Looking Down', 'Brow Outer Raiser', 'Blink', 'Lid Tightener']"
2025-11-23T20:42:19.919Z,neutral,"['Looking Down', 'Brow Outer Raiser', 'Blink', 'Lid Tightener']"
2025-11-23T20:42:20.179Z,neutral,"['Looking Down', 'Brow Outer Raiser', 'Blink', 'Lid Tightener']"
2025-11-23T20:42:20.463Z,neutral,"['Looking Down', 'Brow Outer Raiser', 'Blink', 'Lid Tightener']"
2025-11-23T20:42:20.724Z,neutral,"['Looking Down', 'Brow Outer Raiser', 'Blink', 'Lid Tightener']"
2025-11-23T20:42:20.984Z,neutral,"['Looking Down', 'Brow Outer Raiser', 'Blink', 'Lid Tightener']"
2025-11-23T20:42:21.272Z,neutral,"['Looking Down', 'Brow Outer Raiser', 'Blink', 'Lid Tightener']"
2025-11-23T20:42:21.534Z,neutral,"['Looking Down', 'Brow Outer Raiser', 'Blink', 'Lid Tightener']"
2025-11-23T20:42:21.785Z,neutral,"['Looking Down', 'Brow Outer Raiser', 'Blink', 'Lid Tightener']"
2025-11-23T20:42:22.043Z,neutral,"['Looking Down', 'Brow Outer Raiser', 'Blink', 'Lid Tightener']"
2025-11-23T20:42:22.304Z,neutral,"['Looking Down', 'Brow Outer Raiser', 'Blink', 'Lid Tightener']"
2025-11-23T20:42:22.574Z,neutral,"['Looking Down', 'Brow Outer Raiser', 'Blink', 'Lid Tightener']"
2025-11-23T20:42:22.844Z,neutral,"['Looking Down', 'Brow Outer Raiser', 'Blink', 'Lid Tightener']"
2025-11-23T20:42:23.126Z,neutral,"['Looking Down', 'Brow Outer Raiser', 'Blink', 'Lid Tightener']"
2025-11-23T20:42:23.395Z,neutral,"['Looking Down', 'Brow Outer Raiser', 'Blink', 'Lid Tightener']"
2025-11-23T20:42:23.655Z,neutral,"['Looking Down', 'Brow Outer Raiser', 'Blink', 'Lid Tightener']"
2025-11-23T20:42:23.926Z,neutral,"['Looking Down', 'Brow Outer Raiser', 'Blink', 'Lid Tightener']"
2025-11-23T20:42:24.185Z,neutral,"['Looking Down', 'Brow Outer Raiser', 'Blink', 'Lid Tightener']"
2025-11-23T20:42:24.456Z,neutral,"['Looking Down', 'Brow Outer Raiser', 'Blink', 'Lid Tightener']"
2025-11-23T20:42:24.717Z,neutral,"['Looking Down', 'Brow Outer Raiser', 'Blink', 'Lid Tightener']"
2025-11-23T20:42:24.991Z,neutral,"['Looking Down', 'Brow Outer Raiser', 'Blink', 'Lid Tightener']"
2025-11-23T20:42:25.279Z,neutral,"['Looking Down', 'Brow Outer Raiser', 'Blink', 'Lid Tightener']"
2025-11-23T20:42:25.555Z,neutral,"['Looking Down', 'Brow Outer Raiser', 'Blink', 'Lid Tightener']"
2025-11-23T20:42:25.819Z,neutral,"['Looking Down', 'Brow Outer Raiser', 'Blink', 'Lid Tightener']"
2025-11-23T20:42:26.099Z,neutral,"['Looking Down', 'Brow Outer Raiser', 'Blink', 'Lid Tightener']"
2025-11-23T20:42:26.353Z,neutral,"['Looking Down', 'Brow Outer Raiser', 'Blink', 'Lid Tightener']"
2025-11-23T20:42:26.626Z,neutral,"['Looking Down', 'Brow Outer Raiser', 'Blink', 'Lid Tightener']"
2025-11-23T20:42:26.912Z,neutral,"['Looking Down', 'Brow Outer Raiser', 'Blink', 'Lid Tightener']"
2025-11-23T20:42:27.180Z,neutral,"['Looking Down', 'Brow Outer Raiser', 'Blink', 'Lid Tightener']"
2025-11-23T20:42:27.465Z,neutral,"['Looking Down', 'Brow Outer Raiser', 'Blink', 'Lid Tightener']"
2025-11-23T20:42:27.732Z,neutral,"['Looking Down', 'Brow Inner Raiser', 'Brow Outer Raiser', 'Blink', 'Lid Tightener']"
2025-11-23T20:42:28.005Z,neutral,"['Looking Down', 'Brow Outer Raiser', 'Blink', 'Lid Tightener']"
2025-11-23T20:42:28.277Z,neutral,"['Looking Down', 'Brow Outer Raiser', 'Lid Tightener']"
2025-11-23T20:42:28.555Z,neutral,"['Looking Down', 'Brow Outer Raiser', 'Lid Tightener']"
2025-11-23T20:42:28.822Z,neutral,"['Looking Down', 'Brow Outer Raiser', 'Lid Tightener']"
2025-11-23T20:42:29.089Z,neutral,"['Looking Down', 'Brow Inner Raiser', 'Brow Outer Raiser', 'Lid Tightener']"
2025-11-23T20:42:29.349Z,fear,"['Looking Down', 'Brow Inner Raiser', 'Brow Outer Raiser', 'Lid Tightener']"
2025-11-23T20:42:29.623Z,neutral,"['Looking Down', 'Brow Inner Raiser', 'Brow Outer Raiser', 'Blink', 'Lid Tightener']"
2025-11-23T20:42:29.889Z,neutral,"['Looking Down', 'Brow Outer Raiser', 'Blink', 'Lid Tightener']"
2025-11-23T20:42:30.145Z,neutral,"['Looking Down', 'Brow Outer Raiser', 'Blink', 'Lip Tightener', 'Lid Tightener']"
2025-11-23T20:42:30.394Z,neutral,"['Looking Down', 'Brow Outer Raiser', 'Blink', 'Lip Tightener', 'Lid Tightener']"
2025-11-23T20:42:30.669Z,neutral,"['Looking Down', 'Brow Outer Raiser', 'Blink', 'Lid Tightener']"
2025-11-23T20:42:30.940Z,neutral,"['Looking Down', 'Brow Outer Raiser', 'Blink', 'Lid Tightener']"
2025-11-23T20:42:31.192Z,neutral,"['Looking Down', 'Brow Outer Raiser', 'Blink', 'Lip Tightener', 'Lid Tightener']"
2025-11-23T20:42:31.463Z,neutral,"['Looking Down', 'Brow Outer Raiser', 'Blink', 'Lip Tightener', 'Lid Tightener']"
2025-11-23T20:42:31.725Z,neutral,"['Looking Down', 'Brow Outer Raiser', 'Blink', 'Lip Tightener', 'Lid Tightener']"
2025-11-23T20:42:32.004Z,neutral,"['Looking Down', 'Brow Outer Raiser', 'Blink', 'Lip Tightener', 'Lid Tightener']"
2025-11-23T20:42:32.264Z,neutral,"['Looking Down', 'Brow Outer Raiser', 'Blink', 'Lip Tightener', 'Lid Tightener']"
2025-11-23T20:42:32.521Z,neutral,"['Looking Down', 'Brow Outer Raiser', 'Blink', 'Lip Tightener', 'Lid Tightener']"
2025-11-23T20:42:32.778Z,neutral,"['Looking Down', 'Brow Outer Raiser', 'Blink', 'Lip Tightener', 'Lid Tightener']"
2025-11-23T20:42:33.047Z,neutral,"['Looking Down', 'Brow Outer Raiser', 'Blink', 'Lip Tightener', 'Lid Tightener']"
2025-11-23T20:42:33.320Z,neutral,"['Looking Down', 'Brow Outer Raiser', 'Blink', 'Lid Tightener']"
2025-11-23T20:42:33.592Z,neutral,"['Looking Down', 'Brow Outer Raiser', 'Blink', 'Lid Tightener']"
2025-11-23T20:42:33.849Z,neutral,"['Looking Down', 'Brow Outer Raiser', 'Blink', 'Lip Tightener', 'Lid Tightener']"
2025-11-23T20:42:34.113Z,neutral,"['Looking Down', 'Brow Outer Raiser', 'Blink', 'Lid Tightener']"
2025-11-23T20:42:34.378Z,neutral,"['Looking Down', 'Lid Tightener']"
2025-11-23T20:42:34.639Z,neutral,"['Looking Down', 'Brow Outer Raiser', 'Blink', 'Lid Tightener']"
2025-11-23T20:42:34.901Z,neutral,"['Looking Down', 'Blink', 'Lid Tightener']"
2025-11-23T20:42:35.165Z,neutral,"['Looking Down', 'Brow Outer Raiser', 'Blink', 'Lid Tightener']"
2025-11-23T20:42:35.428Z,neutral,"['Looking Down', 'Brow Outer Raiser', 'Lid Tightener']"
2025-11-23T20:42:35.702Z,neutral,"['Looking Down', 'Brow Outer Raiser', 'Lid Tightener']"
2025-11-23T20:42:35.983Z,neutral,"['Looking Down', 'Brow Outer Raiser', 'Blink', 'Lid Tightener']"
2025-11-23T20:42:36.263Z,neutral,"['Looking Down', 'Brow Outer Raiser', 'Blink', 'Lid Tightener', 'Jaw Drop']"
2025-11-23T20:42:36.515Z,neutral,"['Looking Down', 'Brow Outer Raiser', 'Blink', 'Lid Tightener']"
2025-11-23T20:42:36.801Z,neutral,"['Looking Down', 'Brow Outer Raiser', 'Blink', 'Lid Tightener']"
2025-11-23T20:42:37.061Z,happy,"['Lip Corner Puller (Smile)', 'Looking Down', 'Brow Outer Raiser', 'Blink', 'Lid Tightener']"
2025-11-23T20:42:37.351Z,happy,"['Lip Corner Puller (Smile)', 'Looking Down', 'Brow Outer Raiser', 'Blink', 'Lid Tightener']"
2025-11-23T20:42:37.614Z,happy,"['Lip Corner Puller (Smile)', 'Looking Down', 'Brow Outer Raiser', 'Blink', 'Lid Tightener']"
2025-11-23T20:42:37.882Z,happy,"['Lip Corner Puller (Smile)', 'Looking Down', 'Brow Outer Raiser', 'Blink', 'Lid Tightener']"
2025-11-23T20:42:38.159Z,happy,"['Lip Corner Puller (Smile)', 'Looking Down', 'Brow Outer Raiser', 'Blink', 'Lid Tightener']"
2025-11-23T20:42:38.436Z,happy,"['Lip Corner Puller (Smile)', 'Looking Down', 'Brow Outer Raiser', 'Blink', 'Lid Tightener']"
2025-11-23T20:42:38.703Z,happy,"['Lip Corner Puller (Smile)', 'Upper Lip Raiser', 'Looking Down', 'Brow Inner Raiser', 'Brow Outer Raiser', 'Blink', 'Lid Tightener']"
2025-11-23T20:42:39.001Z,happy,"['Lip Corner Puller (Smile)', 'Upper Lip Raiser', 'Looking Down', 'Brow Outer Raiser', 'Blink', 'Lid Tightener']"
2025-11-23T20:42:39.269Z,happy,"['Lip Corner Puller (Smile)', 'Upper Lip Raiser', 'Looking Down', 'Brow Inner Raiser', 'Brow Outer Raiser', 'Blink', 'Lid Tightener']"
2025-11-23T20:42:39.539Z,happy,"['Lip Corner Puller (Smile)', 'Upper Lip Raiser', 'Looking Down', 'Brow Inner Raiser', 'Brow Outer Raiser', 'Blink', 'Lid Tightener']"
2025-11-23T20:42:39.829Z,happy,"['Lip Corner Puller (Smile)', 'Looking Down', 'Brow Outer Raiser', 'Blink', 'Lid Tightener']"
2025-11-23T20:42:40.103Z,neutral,"['Looking Down', 'Brow Outer Raiser', 'Blink', 'Lid Tightener']"
2025-11-23T20:42:40.385Z,neutral,"['Looking Down', 'Brow Outer Raiser', 'Lid Tightener']"
2025-11-23T20:42:40.659Z,fear,"['Brow Inner Raiser', 'Brow Outer Raiser']"
2025-11-23T20:42:40.925Z,fear,"['Brow Inner Raiser', 'Brow Outer Raiser', 'Lid Tightener']"
2025-11-23T20:42:41.195Z,fear,"['Brow Inner Raiser', 'Brow Outer Raiser', 'Lip Tightener']"
2025-11-23T20:42:41.459Z,fear,"['Looking Down', 'Brow Inner Raiser', 'Brow Outer Raiser', 'Lip Tightener']"
2025-11-23T20:42:41.712Z,neutral,"['Looking Down', 'Brow Outer Raiser', 'Blink', 'Lid Tightener']"
2025-11-23T20:42:41.982Z,angry,"['Looking Down', 'Blink', 'Lid Tightener', 'Brow Lowerer']"
2025-11-23T20:42:42.236Z,neutral,"['Looking Down', 'Blink', 'Lid Tightener', 'Brow Lowerer']"
2025-11-23T20:42:42.504Z,neutral,"['Looking Down', 'Blink', 'Lid Tightener']"
2025-11-23T20:42:42.771Z,neutral,"['Looking Down', 'Blink', 'Lid Tightener']"
2025-11-23T20:42:43.042Z,neutral,"['Looking Down', 'Blink', 'Lid Tightener']"
2025-11-23T20:42:43.332Z,neutral,"['Looking Down', 'Brow Outer Raiser', 'Blink', 'Lid Tightener']"
2025-11-23T20:42:43.598Z,neutral,"['Looking Down', 'Blink', 'Lid Tightener', 'Brow Lowerer']"
2025-11-23T20:42:43.854Z,neutral,"['Looking Down', 'Blink', 'Lid Tightener']"
2025-11-23T20:42:44.122Z,neutral,"['Looking Down', 'Lid Tightener']"
2025-11-23T20:42:44.379Z,neutral,"['Looking Down', 'Blink', 'Lid Tightener']"
2025-11-23T20:42:44.653Z,neutral,"['Looking Down', 'Blink', 'Lid Tightener']"
2025-11-23T20:42:44.937Z,neutral,"['Looking Down', 'Brow Outer Raiser', 'Blink', 'Lid Tightener']"
2025-11-23T20:42:45.205Z,neutral,"['Looking Down', 'Brow Outer Raiser', 'Blink', 'Lid Tightener']"
2025-11-23T20:42:45.473Z,neutral,"['Looking Down', 'Brow Outer Raiser', 'Blink', 'Lid Tightener']"
2025-11-23T20:42:45.733Z,neutral,"['Looking Down', 'Brow Outer Raiser', 'Blink', 'Lid Tightener']"
2025-11-23T20:42:46.013Z,neutral,"['Looking Down', 'Brow Outer Raiser', 'Blink', 'Lid Tightener']"
2025-11-23T20:42:46.281Z,neutral,"['Looking Down', 'Brow Outer Raiser', 'Blink', 'Lid Tightener']"
2025-11-23T20:42:46.555Z,neutral,"['Looking Down', 'Brow Outer Raiser', 'Blink', 'Lid Tightener']"
2025-11-23T20:42:46.862Z,neutral,"['Looking Down', 'Brow Outer Raiser', 'Blink', 'Lip Tightener', 'Lid Tightener']"
2025-11-23T20:42:47.135Z,neutral,"['Looking Down', 'Brow Outer Raiser', 'Blink', 'Lid Tightener']"
2025-11-23T20:42:47.402Z,neutral,"['Looking Down', 'Brow Outer Raiser', 'Blink', 'Lip Tightener', 'Lid Tightener']"
2025-11-23T20:42:47.672Z,neutral,"['Looking Down', 'Brow Outer Raiser', 'Blink', 'Lip Tightener', 'Lid Tightener']"
2025-11-23T20:42:47.936Z,neutral,"['Looking Down', 'Blink', 'Lip Tightener', 'Lid Tightener', 'Brow Lowerer']"
2025-11-23T20:42:48.270Z,neutral,"['Looking Down', 'Blink', 'Lid Tightener']"
2025-11-23T20:42:48.621Z,neutral,"['Looking Down', 'Blink', 'Lip Tightener', 'Lid Tightener']"
2025-11-23T20:42:48.942Z,neutral,"['Looking Down', 'Lid Tightener']"
2025-11-23T20:42:49.250Z,neutral,"['Looking Down', 'Lip Tightener', 'Lid Tightener']"
2025-11-23T20:42:49.603Z,neutral,"['Looking Down', 'Lip Tightener', 'Lid Tightener']"
2025-11-23T20:42:49.912Z,neutral,"['Looking Down', 'Lip Tightener', 'Lid Tightener']"
2025-11-23T20:42:50.233Z,neutral,"['Looking Down', 'Lip Tightener', 'Lid Tightener']"
2025-11-23T20:42:50.575Z,neutral,"['Looking Down', 'Blink', 'Lip Tightener', 'Lid Tightener']"
2025-11-23T20:42:50.912Z,neutral,"['Looking Down', 'Lip Tightener', 'Lid Tightener']"
2025-11-23T20:42:51.250Z,neutral,"['Looking Down', 'Brow Outer Raiser', 'Lip Tightener', 'Lid Tightener']"
2025-11-23T20:42:51.554Z,neutral,"['Looking Down', 'Lip Tightener', 'Lid Tightener']"
2025-11-23T20:42:51.901Z,neutral,"['Looking Down', 'Lip Tightener', 'Lid Tightener']"
2025-11-23T20:42:52.207Z,neutral,"['Looking Down', 'Brow Outer Raiser', 'Blink', 'Lid Tightener']"
2025-11-23T20:42:52.506Z,neutral,"['Looking Down', 'Brow Outer Raiser', 'Blink', 'Lid Tightener']"
2025-11-23T20:42:52.809Z,neutral,"['Looking Down', 'Brow Outer Raiser', 'Blink', 'Lip Tightener', 'Lid Tightener']"
2025-11-23T20:42:53.124Z,neutral,"['Looking Down', 'Brow Outer Raiser', 'Lip Tightener', 'Lid Tightener']"
2025-11-23T20:42:53.471Z,neutral,"['Looking Down', 'Brow Outer Raiser', 'Lip Tightener', 'Lid Tightener']"
2025-11-23T20:42:53.832Z,neutral,"['Looking Down', 'Blink', 'Lip Tightener', 'Lid Tightener']"
2025-11-23T20:42:54.150Z,neutral,"['Looking Down', 'Brow Outer Raiser', 'Lip Tightener', 'Lid Tightener']"
2025-11-23T20:42:54.467Z,neutral,"['Looking Down', 'Lip Tightener', 'Lid Tightener']"
2025-11-23T20:42:54.808Z,neutral,"['Looking Down', 'Lip Tightener', 'Lid Tightener']"
2025-11-23T20:42:55.185Z,neutral,"['Looking Down', 'Brow Outer Raiser', 'Blink', 'Lip Tightener', 'Lid Tightener']"
2025-11-23T20:42:55.503Z,neutral,"['Looking Down', 'Brow Outer Raiser', 'Blink', 'Lip Tightener', 'Lid Tightener']"
2025-11-23T20:42:55.835Z,neutral,"['Looking Down', 'Brow Outer Raiser', 'Blink', 'Lip Tightener', 'Lid Tightener']"
2025-11-23T20:42:56.146Z,neutral,"['Looking Down', 'Brow Outer Raiser', 'Blink', 'Lip Tightener', 'Lid Tightener']"
2025-11-23T20:42:56.483Z,neutral,"['Looking Down', 'Brow Outer Raiser', 'Lip Tightener', 'Lid Tightener']"
2025-11-23T20:42:56.800Z,neutral,"['Lip Tightener', 'Lid Tightener']"
2025-11-23T20:42:57.149Z,neutral,"['Looking Down', 'Brow Outer Raiser', 'Lip Tightener', 'Lid Tightener']"
2025-11-23T20:42:57.445Z,neutral,"['Looking Down', 'Brow Outer Raiser', 'Lip Tightener', 'Lid Tightener']"
2025-11-23T20:42:57.751Z,neutral,"['Looking Down', 'Brow Outer Raiser', 'Lip Tightener', 'Lid Tightener']"
2025-11-23T20:42:58.087Z,neutral,"['Looking Down', 'Brow Outer Raiser', 'Lip Tightener', 'Lid Tightener']"
2025-11-23T20:42:58.422Z,neutral,"['Looking Down', 'Brow Outer Raiser', 'Lip Tightener', 'Lid Tightener']"
2025-11-23T20:42:58.742Z,neutral,"['Looking Down', 'Brow Outer Raiser', 'Lip Tightener', 'Lid Tightener']"
2025-11-23T20:42:59.062Z,neutral,"['Looking Down', 'Brow Outer Raiser', 'Lip Tightener', 'Lid Tightener']"
2025-11-23T20:42:59.433Z,neutral,"['Looking Down', 'Brow Outer Raiser', 'Lip Tightener', 'Lid Tightener']"
2025-11-23T20:42:59.797Z,neutral,"['Looking Down', 'Brow Outer Raiser', 'Lip Tightener', 'Lid Tightener']"
2025-11-23T20:43:00.116Z,neutral,"['Looking Down', 'Brow Outer Raiser', 'Lip Tightener', 'Lid Tightener']"
2025-11-23T20:43:00.455Z,neutral,"['Looking Down', 'Brow Outer Raiser', 'Blink', 'Lip Tightener', 'Lid Tightener']"
2025-11-23T20:43:00.818Z,neutral,"['Looking Down', 'Lip Tightener', 'Lid Tightener']"
2025-11-23T20:43:01.140Z,neutral,"['Looking Down', 'Brow Outer Raiser', 'Blink', 'Lip Tightener', 'Lid Tightener']"
2025-11-23T20:43:01.467Z,neutral,"['Looking Down', 'Brow Outer Raiser', 'Lip Tightener', 'Lid Tightener']"
2025-11-23T20:43:01.792Z,neutral,"['Looking Down', 'Brow Outer Raiser', 'Blink', 'Lip Tightener', 'Lid Tightener']"
2025-11-23T20:43:02.081Z,neutral,"['Looking Down', 'Blink', 'Lip Tightener', 'Lid Tightener']"
2025-11-23T20:43:02.388Z,neutral,"['Looking Down', 'Lip Tightener', 'Lid Tightener']"
2025-11-23T20:43:02.696Z,neutral,"['Looking Down', 'Lip Tightener', 'Lid Tightener']"
2025-11-23T20:43:03.045Z,neutral,"['Looking Down', 'Lip Tightener', 'Lid Tightener']"
2025-11-23T20:43:03.373Z,neutral,"['Looking Down', 'Brow Outer Raiser', 'Lip Tightener', 'Lid Tightener']"
2025-11-23T20:43:03.693Z,neutral,"['Looking Down', 'Brow Outer Raiser', 'Lip Tightener', 'Lid Tightener']"
2025-11-23T20:43:03.999Z,neutral,"['Looking Down', 'Brow Outer Raiser', 'Lip Tightener', 'Lid Tightener']"
2025-11-23T20:43:04.319Z,neutral,"['Looking Down', 'Brow Outer Raiser', 'Lip Tightener', 'Lid Tightener']"
2025-11-23T20:43:04.648Z,neutral,"['Looking Down', 'Brow Outer Raiser', 'Lip Tightener', 'Lid Tightener']"
2025-11-23T20:43:04.992Z,neutral,"['Looking Down', 'Brow Outer Raiser', 'Lip Tightener', 'Lid Tightener']"
2025-11-23T20:43:05.329Z,neutral,"['Looking Down', 'Brow Outer Raiser', 'Lip Tightener', 'Lid Tightener']"
2025-11-23T20:43:05.680Z,neutral,"['Looking Down', 'Brow Outer Raiser', 'Lip Tightener', 'Lid Tightener']"
2025-11-23T20:43:05.988Z,neutral,"['Looking Down', 'Brow Outer Raiser', 'Lip Tightener', 'Lid Tightener']"
2025-11-23T20:43:06.302Z,neutral,"['Looking Down', 'Brow Outer Raiser', 'Lip Tightener', 'Lid Tightener']"
2025-11-23T20:43:06.607Z,neutral,"['Looking Down', 'Brow Outer Raiser', 'Lip Tightener', 'Lid Tightener']"
2025-11-23T20:43:07.495Z,neutral,"['Looking Down', 'Brow Outer Raiser', 'Blink', 'Lip Tightener', 'Lid Tightener']"
2025-11-23T20:43:08.507Z,neutral,"['Looking Down', 'Brow Outer Raiser', 'Lip Tightener', 'Lid Tightener']"
2025-11-23T20:43:09.504Z,neutral,"['Looking Down', 'Blink', 'Lip Tightener', 'Lid Tightener', 'Brow Lowerer']"
2025-11-23T20:43:10.482Z,angry,"['Looking Down', 'Blink', 'Lid Tightener', 'Brow Lowerer']"
2025-11-23T20:43:11.495Z,happy,"['Lip Corner Puller (Smile)', 'Upper Lip Raiser', 'Looking Down', 'Brow Outer Raiser', 'Blink', 'Lid Tightener', 'Jaw Drop']"
2025-11-23T20:43:12.459Z,fear,"['Brow Inner Raiser', 'Brow Outer Raiser', 'Lip Tightener']"
2025-11-23T20:43:13.482Z,fear,"['Brow Inner Raiser', 'Brow Outer Raiser', 'Lip Tightener']"
2025-11-23T20:43:14.490Z,fear,"['Brow Inner Raiser', 'Brow Outer Raiser', 'Lip Tightener']"
2025-11-23T20:43:15.513Z,fear,"['Brow Inner Raiser', 'Brow Outer Raiser', 'Lip Tightener']"
2025-11-23T20:43:16.490Z,happy,"['Lip Corner Puller (Smile)', 'Looking Down', 'Brow Inner Raiser', 'Brow Outer Raiser', 'Blink', 'Lid Tightener']"
2025-11-23T20:43:17.443Z,happy,"['Lip Corner Puller (Smile)', 'Looking Down', 'Brow Inner Raiser', 'Brow Outer Raiser', 'Blink', 'Lid Tightener']"
2025-11-23T20:43:18.463Z,happy,"['Lip Corner Puller (Smile)', 'Upper Lip Raiser', 'Looking Down', 'Brow Outer Raiser', 'Blink', 'Lid Tightener']"
2025-11-23T20:43:19.457Z,happy,"['Lip Corner Puller (Smile)', 'Upper Lip Raiser', 'Looking Down', 'Brow Outer Raiser', 'Blink', 'Lid Tightener']"
2025-11-23T20:43:20.466Z,surprise,"['Looking Down', 'Brow Inner Raiser', 'Brow Outer Raiser', 'Blink', 'Lip Tightener', 'Lid Tightener']"
2025-11-23T20:43:21.486Z,surprise,"['Looking Down', 'Brow Inner Raiser', 'Brow Outer Raiser', 'Blink', 'Lip Tightener', 'Lid Tightener']"
2025-11-23T20:43:22.465Z,fear,"['Looking Down', 'Brow Inner Raiser', 'Brow Outer Raiser', 'Blink', 'Lip Tightener', 'Lid Tightener']"
2025-11-23T20:43:23.493Z,fear,"['Looking Down', 'Brow Inner Raiser', 'Brow Outer Raiser', 'Blink', 'Lip Tightener', 'Lid Tightener']"
2025-11-23T20:43:24.493Z,fear,"['Looking Down', 'Brow Inner Raiser', 'Brow Outer Raiser', 'Blink', 'Lip Tightener', 'Lid Tightener']"
2025-11-23T20:43:25.484Z,fear,"['Looking Down', 'Brow Inner Raiser', 'Brow Outer Raiser', 'Blink', 'Lip Tightener', 'Lid Tightener']"
2025-11-23T20:43:26.468Z,surprise,"['Upper Lip Raiser', 'Looking Down', 'Brow Inner Raiser', 'Brow Outer Raiser', 'Blink', 'Lid Tightener', 'Jaw Drop']"
2025-11-23T20:43:27.473Z,neutral,"['Looking Down', 'Brow Inner Raiser', 'Brow Outer Raiser', 'Blink', 'Lip Pressor', 'Lid Tightener']"
2025-11-23T20:43:28.498Z,neutral,"['Looking Down', 'Brow Outer Raiser', 'Blink', 'Lip Pressor', 'Lid Tightener']"
2025-11-23T20:43:29.445Z,neutral,"['Lip Corner Puller (Smile)', 'Looking Down', 'Brow Outer Raiser', 'Blink', 'Lip Pressor', 'Lid Tightener', 'Chin Raiser']"
2025-11-23T20:43:30.479Z,neutral,"['Looking Down', 'Brow Outer Raiser', 'Blink', 'Lip Pressor', 'Lid Tightener']"
2025-11-23T20:43:31.497Z,neutral,"['Lip Corner Puller (Smile)', 'Looking Down', 'Brow Outer Raiser', 'Blink', 'Lip Pressor', 'Lid Tightener']"
2025-11-23T20:43:32.492Z,neutral,"['Looking Down', 'Brow Outer Raiser', 'Lip Pressor', 'Lid Tightener']"
2025-11-23T20:43:33.496Z,neutral,"['Brow Inner Raiser', 'Brow Outer Raiser', 'Lid Tightener']"
2025-11-23T20:43:34.474Z,neutral,"['Looking Down', 'Brow Outer Raiser', 'Lip Pressor', 'Lid Tightener']"
2025-11-23T20:43:35.464Z,neutral,"['Looking Down', 'Brow Inner Raiser', 'Brow Outer Raiser', 'Lip Tightener', 'Lid Tightener']"
2025-11-23T20:43:35.838Z,neutral,"['Looking Down', 'Brow Outer Raiser', 'Blink', 'Lip Tightener', 'Lid Tightener']"
2025-11-23T20:43:36.088Z,neutral,"['Looking Down', 'Brow Outer Raiser', 'Blink', 'Lip Tightener', 'Lid Tightener']"
2025-11-23T20:43:36.362Z,neutral,"['Looking Down', 'Brow Inner Raiser', 'Brow Outer Raiser', 'Lid Tightener']"
2025-11-23T20:43:36.612Z,neutral,"['Looking Down', 'Brow Outer Raiser', 'Blink', 'Lid Tightener']"
2025-11-23T20:43:36.884Z,neutral,"['Looking Down', 'Brow Outer Raiser', 'Blink', 'Lid Tightener']"
2025-11-23T20:43:37.153Z,neutral,"['Looking Down', 'Brow Outer Raiser', 'Blink', 'Lid Tightener']"
2025-11-23T20:43:37.418Z,neutral,"['Looking Down', 'Brow Outer Raiser', 'Blink', 'Lid Tightener']"
2025-11-23T20:43:37.691Z,neutral,"['Looking Down', 'Brow Outer Raiser', 'Blink', 'Lid Tightener']"
2025-11-23T20:43:37.977Z,neutral,"['Looking Down', 'Brow Outer Raiser', 'Blink', 'Lid Tightener']"
2025-11-23T20:43:38.247Z,neutral,"['Looking Down', 'Brow Outer Raiser', 'Blink', 'Lid Tightener']"
2025-11-23T20:43:38.517Z,neutral,"['Looking Down', 'Brow Outer Raiser', 'Blink', 'Lid Tightener']"
2025-11-23T20:43:38.807Z,neutral,"['Looking Down', 'Brow Outer Raiser', 'Blink', 'Lid Tightener']"
2025-11-23T20:43:39.087Z,neutral,"['Looking Down', 'Brow Outer Raiser', 'Blink', 'Lid Tightener']"
2025-11-23T20:43:39.350Z,neutral,"['Looking Down', 'Brow Outer Raiser', 'Blink', 'Lid Tightener']"
2025-11-23T20:43:39.619Z,neutral,"['Looking Down', 'Brow Outer Raiser', 'Blink', 'Lid Tightener']"
2025-11-23T20:43:39.881Z,neutral,"['Looking Down', 'Brow Outer Raiser', 'Blink', 'Lid Tightener']"
2025-11-23T20:43:40.162Z,neutral,"['Looking Down', 'Brow Outer Raiser', 'Blink', 'Lid Tightener']"
2025-11-23T20:43:40.418Z,neutral,"['Looking Down', 'Brow Outer Raiser', 'Blink', 'Lid Tightener']"
2025-11-23T20:43:40.689Z,neutral,"['Looking Down', 'Brow Outer Raiser', 'Blink', 'Lid Tightener']"
2025-11-23T20:43:40.950Z,neutral,"['Looking Down', 'Brow Outer Raiser', 'Blink', 'Lid Tightener']"
2025-11-23T20:43:41.224Z,neutral,"['Looking Down', 'Brow Outer Raiser', 'Blink', 'Lid Tightener']"
2025-11-23T20:43:41.503Z,neutral,"['Looking Down', 'Brow Outer Raiser', 'Blink', 'Lid Tightener']"
2025-11-23T20:43:41.760Z,neutral,"['Looking Down', 'Brow Outer Raiser', 'Blink', 'Lid Tightener']"
2025-11-23T20:43:42.050Z,neutral,"['Looking Down', 'Brow Outer Raiser', 'Blink', 'Lid Tightener']"
2025-11-23T20:43:42.317Z,neutral,"['Looking Down', 'Brow Outer Raiser', 'Blink', 'Lid Tightener']"
2025-11-23T20:43:42.606Z,neutral,"['Looking Down', 'Brow Outer Raiser', 'Blink', 'Lid Tightener']"
2025-11-23T20:43:42.912Z,neutral,"['Looking Down', 'Brow Outer Raiser', 'Blink', 'Lid Tightener']"
2025-11-23T20:43:43.176Z,neutral,"['Looking Down', 'Brow Outer Raiser', 'Blink', 'Lid Tightener']"
2025-11-23T20:43:43.459Z,neutral,"['Looking Down', 'Brow Outer Raiser', 'Blink', 'Lid Tightener']"
2025-11-23T20:43:43.745Z,neutral,"['Looking Down', 'Brow Inner Raiser', 'Brow Outer Raiser', 'Blink', 'Lid Tightener']"
2025-11-23T20:43:44.039Z,neutral,"['Looking Down', 'Brow Outer Raiser', 'Blink', 'Lid Tightener']"
2025-11-23T20:43:44.308Z,neutral,"['Looking Down', 'Brow Outer Raiser', 'Blink', 'Lid Tightener']"
2025-11-23T20:43:44.599Z,neutral,"['Looking Down', 'Brow Outer Raiser', 'Blink', 'Lid Tightener']"
2025-11-23T20:43:44.884Z,neutral,"['Looking Down', 'Brow Outer Raiser', 'Blink', 'Lid Tightener']"
2025-11-23T20:43:45.143Z,neutral,"['Looking Down', 'Brow Outer Raiser', 'Blink', 'Lid Tightener']"
2025-11-23T20:43:45.441Z,neutral,"['Looking Down', 'Brow Outer Raiser', 'Blink', 'Lip Tightener', 'Lid Tightener']"
2025-11-23T20:43:45.725Z,neutral,"['Looking Down', 'Brow Outer Raiser', 'Blink', 'Lid Tightener']"
2025-11-23T20:43:45.993Z,neutral,"['Looking Down', 'Brow Outer Raiser', 'Blink', 'Lid Tightener']"
2025-11-23T20:43:46.259Z,neutral,"['Looking Down', 'Brow Outer Raiser', 'Blink', 'Lid Tightener']"
2025-11-23T20:43:47.617Z,neutral,"['Looking Down', 'Brow Outer Raiser', 'Blink', 'Lid Tightener']"
2025-11-23T20:43:47.893Z,neutral,"['Looking Down', 'Brow Outer Raiser', 'Blink', 'Lip Tightener', 'Lid Tightener']"
2025-11-23T20:43:48.164Z,neutral,"['Looking Down', 'Brow Outer Raiser', 'Blink', 'Lip Tightener', 'Lid Tightener']"
2025-11-23T20:43:48.467Z,neutral,"['Looking Down', 'Brow Outer Raiser', 'Blink', 'Lid Tightener']"
2025-11-23T20:43:48.718Z,neutral,"['Looking Down', 'Brow Outer Raiser', 'Blink', 'Lid Tightener']"
2025-11-23T20:43:48.997Z,neutral,"['Looking Down', 'Brow Inner Raiser', 'Brow Outer Raiser', 'Blink', 'Lid Tightener']"
2025-11-23T20:43:49.270Z,neutral,"['Looking Down', 'Brow Outer Raiser', 'Blink', 'Lid Tightener']"
2025-11-23T20:43:49.541Z,neutral,"['Looking Down', 'Brow Outer Raiser', 'Blink', 'Lid Tightener']"
2025-11-23T20:43:49.815Z,neutral,"['Looking Down', 'Brow Outer Raiser', 'Blink', 'Lid Tightener']"
2025-11-23T20:43:50.076Z,neutral,"['Looking Down', 'Brow Outer Raiser', 'Blink', 'Lid Tightener']"
2025-11-23T20:43:50.358Z,neutral,"['Looking Down', 'Brow Outer Raiser', 'Blink', 'Lid Tightener']"
2025-11-23T20:43:50.644Z,neutral,"['Looking Down', 'Brow Outer Raiser', 'Blink', 'Lid Tightener']"
2025-11-23T20:43:50.901Z,neutral,"['Looking Down', 'Brow Outer Raiser', 'Blink', 'Lid Tightener']"
2025-11-23T20:43:51.165Z,neutral,"['Looking Down', 'Brow Outer Raiser', 'Blink', 'Lid Tightener']"
2025-11-23T20:43:51.442Z,neutral,"['Looking Down', 'Brow Outer Raiser', 'Blink', 'Lid Tightener']"
2025-11-23T20:43:51.725Z,neutral,"['Looking Down', 'Brow Outer Raiser', 'Blink', 'Lid Tightener']"
2025-11-23T20:43:52.024Z,neutral,"['Looking Down', 'Brow Outer Raiser', 'Blink', 'Lid Tightener']"
2025-11-23T20:43:52.289Z,neutral,"['Looking Down', 'Brow Outer Raiser', 'Blink', 'Lid Tightener']"
2025-11-23T20:43:52.563Z,neutral,"['Looking Down', 'Brow Outer Raiser', 'Blink', 'Lid Tightener']"
2025-11-23T20:43:52.810Z,neutral,"['Looking Down', 'Brow Outer Raiser', 'Blink', 'Lid Tightener']"
2025-11-23T20:43:53.073Z,neutral,"['Looking Down', 'Brow Outer Raiser', 'Blink', 'Lid Tightener']"
2025-11-23T20:43:53.345Z,neutral,"['Looking Down', 'Brow Outer Raiser', 'Blink', 'Lid Tightener']"
2025-11-23T20:43:53.610Z,neutral,"['Looking Down', 'Brow Outer Raiser', 'Blink', 'Lip Tightener', 'Lid Tightener']"
2025-11-23T20:43:53.883Z,neutral,"['Looking Down', 'Brow Outer Raiser', 'Blink', 'Lid Tightener']"
2025-11-23T20:43:54.139Z,neutral,"['Looking Down', 'Brow Outer Raiser', 'Blink', 'Lid Tightener']"
2025-11-23T20:43:54.420Z,neutral,"['Looking Down', 'Brow Outer Raiser', 'Blink', 'Lip Tightener', 'Lid Tightener']"
2025-11-23T20:43:54.703Z,neutral,"['Looking Down', 'Brow Outer Raiser', 'Blink', 'Lid Tightener']"
2025-11-23T20:43:54.979Z,neutral,"['Looking Down', 'Brow Outer Raiser', 'Blink', 'Lid Tightener']"
2025-11-23T20:43:55.223Z,neutral,"['Looking Down', 'Brow Outer Raiser', 'Blink', 'Lip Tightener', 'Lid Tightener']"
2025-11-23T20:43:55.492Z,neutral,"['Looking Down', 'Brow Outer Raiser', 'Blink', 'Lip Tightener', 'Lid Tightener']"
2025-11-23T20:43:55.766Z,neutral,"['Looking Down', 'Brow Outer Raiser', 'Blink', 'Lid Tightener']"
2025-11-23T20:43:56.043Z,neutral,"['Looking Down', 'Brow Outer Raiser', 'Blink', 'Lid Tightener']"
2025-11-23T20:43:56.330Z,neutral,"['Looking Down', 'Brow Outer Raiser', 'Blink', 'Lid Tightener']"
2025-11-23T20:43:56.595Z,neutral,"['Looking Down', 'Brow Outer Raiser', 'Blink', 'Lid Tightener']"
2025-11-23T20:43:56.903Z,neutral,"['Looking Down', 'Brow Outer Raiser', 'Blink', 'Lid Tightener']"
2025-11-23T20:43:57.169Z,neutral,"['Looking Down', 'Brow Outer Raiser', 'Blink', 'Lid Tightener']"
2025-11-23T20:43:57.437Z,neutral,"['Looking Down', 'Brow Outer Raiser', 'Blink', 'Lid Tightener']"
2025-11-23T20:43:57.705Z,neutral,"['Looking Down', 'Brow Outer Raiser', 'Blink', 'Lid Tightener']"
2025-11-23T20:43:57.970Z,neutral,"['Looking Down', 'Brow Outer Raiser', 'Blink', 'Lid Tightener']"
2025-11-23T20:43:58.366Z,neutral,"['Looking Down', 'Brow Inner Raiser', 'Brow Outer Raiser', 'Blink', 'Lid Tightener']"
2025-11-23T20:43:58.619Z,neutral,"['Looking Down', 'Brow Inner Raiser', 'Brow Outer Raiser', 'Blink', 'Lip Tightener', 'Lid Tightener']"
2025-11-23T20:43:58.918Z,neutral,"['Looking Down', 'Brow Outer Raiser', 'Blink', 'Lid Tightener']"
2025-11-23T20:43:59.186Z,neutral,"['Looking Down', 'Brow Outer Raiser', 'Blink', 'Lid Tightener']"
2025-11-23T20:43:59.447Z,neutral,"['Looking Down', 'Brow Outer Raiser', 'Blink', 'Lid Tightener']"
2025-11-23T20:43:59.708Z,neutral,"['Looking Down', 'Brow Outer Raiser', 'Blink', 'Lid Tightener']"
2025-11-23T20:43:59.988Z,neutral,"['Looking Down', 'Brow Outer Raiser', 'Blink', 'Lid Tightener']"
2025-11-23T20:44:00.255Z,neutral,"['Looking Down', 'Brow Outer Raiser', 'Blink', 'Lid Tightener']"
2025-11-23T20:44:00.516Z,neutral,"['Looking Down', 'Brow Outer Raiser', 'Blink', 'Lip Tightener', 'Lid Tightener']"
2025-11-23T20:44:00.776Z,neutral,"['Looking Down', 'Brow Outer Raiser', 'Blink', 'Lid Tightener']"
2025-11-23T20:44:01.068Z,neutral,"['Looking Down', 'Brow Outer Raiser', 'Blink', 'Lid Tightener']"
2025-11-23T20:44:01.354Z,neutral,"['Looking Down', 'Brow Outer Raiser', 'Blink', 'Lid Tightener']"
2025-11-23T20:44:01.631Z,neutral,"['Looking Down', 'Brow Outer Raiser', 'Blink', 'Lid Tightener']"
2025-11-23T20:44:01.896Z,neutral,"['Looking Down', 'Brow Outer Raiser', 'Blink', 'Lid Tightener']"
2025-11-23T20:44:02.167Z,neutral,"['Looking Down', 'Brow Outer Raiser', 'Blink', 'Lid Tightener']"
2025-11-23T20:44:02.465Z,neutral,"['Looking Down', 'Brow Outer Raiser', 'Blink', 'Lid Tightener']"
2025-11-23T20:44:02.730Z,neutral,"['Looking Down', 'Brow Outer Raiser', 'Blink', 'Lip Tightener', 'Lid Tightener']"
2025-11-23T20:44:03.008Z,neutral,"['Looking Down', 'Brow Outer Raiser', 'Blink', 'Lid Tightener']"
2025-11-23T20:44:03.257Z,neutral,"['Looking Down', 'Brow Outer Raiser', 'Blink', 'Lip Tightener', 'Lid Tightener']"
2025-11-23T20:44:03.528Z,neutral,"['Looking Down', 'Brow Outer Raiser', 'Blink', 'Lid Tightener']"
2025-11-23T20:44:03.805Z,neutral,"['Looking Down', 'Brow Outer Raiser', 'Blink', 'Lid Tightener']"
2025-11-23T20:44:04.076Z,neutral,"['Looking Down', 'Brow Outer Raiser', 'Blink', 'Lid Tightener']"
2025-11-23T20:44:04.347Z,neutral,"['Looking Down', 'Brow Outer Raiser', 'Blink', 'Lid Tightener']"
